{
  "IsEncrypted": false,
  "Values": {
    "AzureWebJobsStorage": "UseDevelopmentStorage=true",
    "FUNCTIONS_WORKER_RUNTIME": "dotnet-isolated",
    "smtpServer": "in.mailjet.com",
    "smtpPort": "587",
    //"smtpUser": "d5604ec14081c402b3274fdc48bcd5ec",
    "smtpUser": "apikey",
    //"smtpPass": "bfa004dbbe8c919038347156cdb10994",
    "smtpPass": "a7c565b2790d0fd6c42f437199ba85d0",

    "MJ_APIKEY_PUBLIC": "a7c565b2790d0fd6c42f437199ba85d0",
    "MJ_APIKEY_PRIVATE": "2187f830527ed308f7b42ca9ebc7de2c"
  },
  "ConnectionStrings": {
    "VizoMenuDb": "Server=tcp:vizodata.database.windows.net,1433;Initial Catalog=vizomenusql-v3;Persist Security Info=False;User ID=vizodata_admin;Password=VizoF00d;MultipleActiveResultSets=False;Encrypt=True;TrustServerCertificate=False;Connection Timeout=30;"
  },
  "Jwt": {
    "Secret": "R0bV1z0M3nuAPI2025!SecureKeyXtra",
    "Issuer": "VizoMenuAPI"
  }
}
